{
  "neural_state": [
    0.694211985046451,
    0.21211131769870936,
    0.0,
    0.20261563167862284,
    0.16864731592252072,
    0.7187620133222585,
    0.07316682052321108,
    0.4493794139590585,
    0.3537913387047473,
    0.0,
    0.4651868581983119,
    0.0,
    0.0,
    0.0,
    0.0,
    0.48809450039770486,
    0.086920886715031,
    0.0,
    1.0,
    0.16786476033642053,
    0.0,
    0.7173562808727845,
    0.5181413118402604,
    0.0,
    0.10523154121004821,
    0.5057789363320873,
    0.09193606535960401,
    0.8442520964972449,
    0.0,
    0.0,
    0.04603507939648693,
    0.10932378113280053,
    0.3805053131924577,
    0.10964435193685047,
    0.30349344540932266,
    0.03293174493762219,
    0.04672689359984139,
    0.10542595607445149,
    0.008145307697319654,
    0.22878491818584532,
    0.0,
    0.09309708380281215,
    0.3759582275438026,
    0.7054333380353819,
    0.07585717579012773,
    0.515654545118646,
    0.0,
    0.0,
    0.0,
    0.0,
    0.0,
    0.0,
    0.0,
    0.6528310309812517,
    0.4349310915786625,
    0.64217508984179,
    0.08513162986060689,
    0.20846315846973484,
    0.7419078401625788,
    0.0,
    0.4527745904457997,
    0.0,
    0.0,
    0.1592620623300698,
    1.0,
    0.0,
    0.08009218087957204,
    0.10937491266438958,
    0.0,
    0.5383508779789724,
    0.0,
    0.0,
    0.0,
    0.0,
    0.0,
    0.0,
    0.7351624814217528,
    0.0,
    0.8274986144551846,
    5.660286251706471e-05,
    0.05552080267895662,
    0.0,
    0.18988489439915823,
    0.6028787508513117,
    0.06765408683564872,
    0.25827921242668755,
    0.15177466260989064,
    0.4724145690230336,
    0.6772320289765575,
    0.4150700032885144,
    0.2686005568092632,
    0.27407847041208794,
    0.0,
    0.5825318585177317,
    0.0,
    0.0,
    0.5903794935345458,
    0.45375810403883565,
    0.0,
    0.6321972542265708
  ],
  "adaptation": 0.15000000000000002
}