{
  "neural_state": [
    0.0,
    0.3009180751189737,
    0.0,
    0.19355645230974733,
    0.2220068776005915,
    0.0,
    0.27032730816829575,
    0.3807615911402706,
    0.1564321074368567,
    0.04627474078599231,
    0.397711811129892,
    0.1586080877092273,
    0.0,
    0.5490224402899794,
    0.0,
    0.207243185853795,
    0.11931572560034366,
    0.10286319482370415,
    0.23903455943290247,
    0.5730591990403797,
    0.35418581336027877,
    0.0,
    0.536304620907192,
    0.0,
    0.08161501689715914,
    0.11120254452937785,
    0.0,
    0.3066137465738267,
    0.27384440399524346,
    0.07626990475593085,
    0.542252861143419,
    0.0,
    0.31517170950683693,
    0.12475687656246079,
    0.0,
    0.0,
    0.33768264712316853,
    0.3746628474142714,
    0.3892280636126171,
    0.20409715892853178,
    0.0,
    0.0,
    0.09781610079638944,
    0.0,
    0.03377706255996249,
    0.0,
    0.46668406176988303,
    0.19475594198666132,
    0.29130423423621515,
    0.2376926026592699,
    0.0,
    0.4592291487760725,
    0.19963005967903688,
    0.21123584111418944,
    0.04047811052139255,
    0.3815808528245932,
    0.11069845213881269,
    0.24913887110742042,
    0.10479957247193585,
    0.0,
    0.21681017053045334,
    0.45306702251535536,
    0.2961186075648718,
    0.12302131493065023,
    0.26427728947414975,
    0.0,
    0.2022225347789873,
    0.18198783491535409,
    0.33294963658259485,
    0.19164191668033492,
    0.3712642185517695,
    0.0,
    0.1456520457431422,
    0.1769865589237762,
    0.0,
    0.0,
    0.46844546648437596,
    0.19193777936636963,
    0.0,
    0.27267828706280695,
    0.0,
    0.3758265735511513,
    0.0,
    0.07756131072294713,
    0.3748472579284631,
    0.3359147199595136,
    0.49151633376409776,
    0.15461532448934898,
    0.24613360950048324,
    0.0,
    0.3064066132835285,
    0.09693155595831132,
    0.2398832198678584,
    0.02522278161286595,
    0.4576532815195005,
    0.43120718469432734,
    0.23366204262794704,
    0.23770753279696766,
    0.04898715271095413,
    0.0
  ],
  "adaptation": 0.5723852605731014,
  "thought_boost": {
    "hello": 4,
    "think": 4
  }
}